Key,State code,State name,District code,District name, Year, Purpose,Co-operative Number,Co-operative Capacity Mton,Public Number,Public Capacity Mton,Private Number,Private Capacity Mton,Total Number,Total Capacity Mton,
4420091,1,Andhra Pradesh,44,Srikakulam,2009,Multipurpose,.,.,.,.,1,4000,1,4000,
4520091,1,Andhra Pradesh,45,Visakhapatnam,2009,Fish,.,.,1,169,22,7637,23,7806,
4520091,1,Andhra Pradesh,45,Visakhapatnam,2009,Fruits & Veg,.,.,1,90,.,.,1,90,
4520091,1,Andhra Pradesh,45,Visakhapatnam,2009,Milk Products,1,48,.,.,.,.,1,48,
4520091,1,Andhra Pradesh,45,Visakhapatnam,2009,Multipurpose,.,.,.,.,7,27849,7,27849,
4620091,1,Andhra Pradesh,46,East Godavari,2009,Fish,.,.,1,271,4,1936,5,2207,
4620091,1,Andhra Pradesh,46,East Godavari,2009,Milk Products,1,88,.,.,1,2205,2,2293,
4620091,1,Andhra Pradesh,46,East Godavari,2009,Multipurpose,.,.,.,.,10,21950,10,21950,
4720091,1,Andhra Pradesh,47,West Godavari,2009,Fish,.,.,.,.,5,2067,5,2067,
4720091,1,Andhra Pradesh,47,West Godavari,2009,Multipurpose,.,.,.,.,5,8225,5,8225,
4820091,1,Andhra Pradesh,48,Krishna,2009,Multipurpose,.,.,.,.,5,21227,5,21227,
4820091,1,Andhra Pradesh,48,Krishna,2009,Fish,.,.,.,.,2,415,2,415,
4820091,1,Andhra Pradesh,48,Krishna,2009,Fruits & Veg,.,.,.,.,1,1054,1,1054,
4820091,1,Andhra Pradesh,48,Krishna,2009,Ice-Creams,.,.,.,.,1,4257,1,4257,
4820091,1,Andhra Pradesh,48,Krishna,2009,Milk Products,1,15,.,.,.,.,1,15,
4820091,1,Andhra Pradesh,48,Krishna,2009,Multipurpose,.,.,.,.,7,19841,7,19841,
4920091,1,Andhra Pradesh,49,Guntur,2009,Multipurpose,.,.,.,.,3,25849,3,25849,
4920091,1,Andhra Pradesh,49,Guntur,2009,Fish,.,.,1,335,.,.,1,335,
4920091,1,Andhra Pradesh,49,Guntur,2009,Fruits & Veg,1,4680,.,.,.,.,1,4680,
4920091,1,Andhra Pradesh,49,Guntur,2009,Ice-Creams,.,.,.,.,2,2154,2,2154,
4920091,1,Andhra Pradesh,49,Guntur,2009,Milk Products,1,113,.,.,.,.,1,113,
4920091,1,Andhra Pradesh,49,Guntur,2009,Multipurpose,.,.,.,.,62,258109,62,258109,
5020091,1,Andhra Pradesh,50,Nellore,2009,Fish,.,.,.,.,4,11936,4,11936,
5020091,1,Andhra Pradesh,50,Nellore,2009,Multipurpose,.,.,.,.,6,12506,6,12506,
5120091,1,Andhra Pradesh,51,Kurnool,2009,Milk Products,2,1097,.,.,.,.,2,1097,
5120091,1,Andhra Pradesh,51,Kurnool,2009,Multipurpose,.,.,.,.,2,7200,2,7200,
5220091,1,Andhra Pradesh,52,Anantapur,2009,Multipurpose,.,.,.,.,8,21043,8,21043,
5320091,1,Andhra Pradesh,53,Cuddappah,2009,Milk Products,1,136,.,.,.,.,1,136,
5420091,1,Andhra Pradesh,54,Chittoor,2009,Fruits & Veg,.,.,.,.,2,558,2,558,
5420091,1,Andhra Pradesh,54,Chittoor,2009,Milk Products,.,.,2,1654,.,.,2,1654,
5420091,1,Andhra Pradesh,54,Chittoor,2009,Multipurpose,.,.,.,.,7,17145,7,17145,
5420091,1,Andhra Pradesh,54,Chittor,2009,Multipurpose,.,.,.,.,1,4000,1,4000,
5520091,1,Andhra Pradesh,55,Hyderabad,2009,Fish,.,.,1,139,.,.,1,139,
5520091,1,Andhra Pradesh,55,Hyderabad,2009,Fruits & Veg,.,.,1,47,1,83,2,130,
5520091,1,Andhra Pradesh,55,Hyderabad,2009,Hotels,.,.,.,.,1,795,1,795,
5520091,1,Andhra Pradesh,55,Hyderabad,2009,Ice-Creams,.,.,.,.,3,4993,3,4993,
5520091,1,Andhra Pradesh,55,Hyderabad,2009,Milk Products,2,421,2,746,1,315,5,1482,
5520091,1,Andhra Pradesh,55,Hyderabad,2009,Multipurpose,.,.,.,.,19,50975,19,50975,
5620091,1,Andhra Pradesh,56,Nizamabad,2009,Multipurpose,.,.,.,.,4,13600,4,13600,
5720091,1,Andhra Pradesh,57,Medak,2009,Meat Products,.,.,.,.,1,27,1,27,
5720091,1,Andhra Pradesh,57,Medak,2009,Multipurpose,.,.,.,.,1,9053,1,9053,
5820091,1,Andhra Pradesh,58,Mahabubnagar,2009,Multipurpose,.,.,.,.,2,5794,2,5794,
5920091,1,Andhra Pradesh,59,Nalgonda,2009,Multipurpose,.,.,.,.,1,2500,1,2500,
6020091,1,Andhra Pradesh,60,Warangal,2009,Multipurpose,.,.,.,.,11,48154,11,48154,
6120091,1,Andhra Pradesh,61,Khammam,2009,Multipurpose,.,.,.,.,2,16930,2,16930,
6120091,1,Andhra Pradesh,61,Khammam,2009,Multipurpose,.,.,.,.,9,40760,9,40760,
50320091,1,Andhra Pradesh,503,Vizianagaram,2009,Fruits & Veg,.,.,.,.,1,15,1,15,
50320091,1,Andhra Pradesh,503,Vizianagaram,2009,Multipurpose,.,.,.,.,6,33650,6,33650,
50420091,1,Andhra Pradesh,504,Prakasam,2009,Fish,.,.,.,.,2,1136,2,1136,
50420091,1,Andhra Pradesh,504,Prakasam,2009,Multipurpose,.,.,.,.,10,51779,10,51779,
52020091,1,Andhra Pradesh,520,Ranga Reddy,2009,Fruits & Veg,.,.,.,.,2,1357,2,1357,
52020091,1,Andhra Pradesh,520,Ranga Reddy,2009,Ice-Creams,.,.,.,.,1,6202,1,6202,
52020091,1,Andhra Pradesh,520,Ranga Reddy,2009,Multipurpose,.,.,.,.,8,30218,8,30218,
52020091,1,Andhra Pradesh,520,Rangareddy,2009,Multipurpose,.,.,.,.,2,9260,2,9260,
90220092,2,Bihar,902,Mujaffarpur,2009,Multipurpose,.,.,.,.,6,21140,6,21140,
90220092,2,Bihar,902,Mujaffarpur,2009,Potato,.,.,.,.,7,27800,7,27800,
90320092,2,Bihar,903,Darbhanga,2009,Potato,.,.,.,.,1,700,1,700,
90420092,2,Bihar,904,Saharsa,2009,Potato,1,4000,.,.,.,.,1,4000,
90520092,2,Bihar,905,Purnia  ,2009,Multipurpose,.,.,.,.,2,13250,2,13250,
90520092,2,Bihar,905,Purnia  ,2009,Potato,.,.,.,.,5,18550,5,18550,
90620092,2,Bihar,906,Saran,2009,Multipurpose,.,.,.,.,4,8775,4,8775,
90620092,2,Bihar,906,Saran,2009,Potato,.,.,.,.,17,66200,17,66200,
90720092,2,Bihar,907,Patna,2009,Multipurpose,1,9000,.,.,9,39150,10,48150,
90720092,2,Bihar,907,Patna,2009,Potato,1,2400,.,.,14,44095,15,46495,
90920092,2,Bihar,909,Bhagalpur ,2009,Potato,1,4000,.,.,5,16600,6,20600,
91220092,2,Bihar,912,Gaya ,2009,Multipurpose,.,.,.,.,8,37430,8,37430,
91220092,2,Bihar,912,Gaya ,2009,Potato,.,.,.,.,9,19200,9,19200,
91820092,2,Bihar,918,Nalanda,2009,Multipurpose,1,2800,.,.,2,3100,3,5900,
91820092,2,Bihar,918,Nalanda,2009,Potato,.,.,.,.,29,94000,29,94000,
91920092,2,Bihar,919,Nawadah,2009,Potato,.,.,.,.,4,6600,4,6600,
92020092,2,Bihar,920,Aurangabad  ,2009,Potato,.,.,.,.,1,1400,1,1400,
92120092,2,Bihar,921,Bhojpur,2009,Potato,1,4000,.,.,2,12500,3,16500,
92220092,2,Bihar,922,Rohtas,2009,Potato,1,4000,.,.,3,7950,4,11950,
92320092,2,Bihar,923,Siwan,2009,Potato,.,.,.,.,8,16550,8,16550,
92420092,2,Bihar,924,Gopalganj,2009,Multipurpose,.,.,.,.,1,4000,1,4000,
92420092,2,Bihar,924,Gopalganj,2009,Potato,.,.,.,.,10,30150,10,30150,
92520092,2,Bihar,925,Eastchamparan ,2009,Potato,1,4000,.,.,14,60305,15,64305,
92620092,2,Bihar,926,Westchamparan,2009,Multipurpose,.,.,.,.,2,10150,2,10150,
92620092,2,Bihar,926,Westchamparan,2009,Potato,2,7500,.,.,4,14812,6,22312,
92720092,2,Bihar,927,Vaishali,2009,Multipurpose,2,11200,.,.,9,28643,11,39843,
92720092,2,Bihar,927,Vaishali,2009,Potato,.,.,.,.,11,41900,11,41900,
92820092,2,Bihar,928,Sitamarhi,2009,Potato,1,4000,.,.,.,.,1,4000,
92920092,2,Bihar,929,Madhubani,2009,Potato,1,4000,.,.,1,5300,2,9300,
93020092,2,Bihar,930,Samastipur,2009,Multipurpose,.,.,.,.,1,4800,1,4800,
93020092,2,Bihar,930,Samastipur,2009,Potato,.,.,.,.,7,50600,7,50600,
93120092,2,Bihar,931,Begusarai ,2009,Multipurpose,1,4300,.,.,3,17000,4,21300,
93120092,2,Bihar,931,Begusarai ,2009,Potato,.,.,.,.,7,45300,7,45300,
93220092,2,Bihar,932,Katihar,2009,Potato,.,.,.,.,3,12200,3,12200,
93420092,2,Bihar,934,Jahanabad,2009,Potato,1,4000,.,.,1,2000,2,6000,
93620092,2,Bihar,936,Khagaria,2009,Potato,.,.,.,.,1,6300,1,6300,
94520092,2,Bihar,945, Araria,2009,Potato,1,4000,.,.,2,7550,3,11550,
94720092,2,Bihar,947,Buxer,2009,Potato,.,.,.,.,4,23700,4,23700,
94820092,2,Bihar,948,Bhabua,2009,Potato,.,.,.,.,1,5600,1,5600,
95620092,2,Bihar,956,Lakhisarai,2009,Potato,.,.,.,.,1,2200,1,2200,
95820092,2,Bihar,958,Seikhpura,2009,Potato,1,4000,.,.,.,.,1,4000,
12120093,3,Gujarat,121,Ahmedabad ,2009,Dairy Products,.,.,1,811,8,929,9,1740,
12120093,3,Gujarat,121,Ahmedabad ,2009,Marine Products,.,.,.,.,1,85,1,85,
12120093,3,Gujarat,121,Ahmedabad ,2009,Multipurpose,.,.,.,.,15,40646,15,40646,
12120093,3,Gujarat,121,Ahmedabad ,2009,Others,.,.,.,.,1,16,1,16,
12120093,3,Gujarat,121,Ahmedabad ,2009,Potatoes,1,791,.,.,7,20347,8,21138,
12220093,3,Gujarat,122,Amreli ,2009,Multipurpose ,.,.,.,.,1,3000,1,3000,
12320093,3,Gujarat,123,Banaskantha      ,2009,Dairy Products,1,565,.,.,.,.,1,565,
12320093,3,Gujarat,123,Banaskantha      ,2009,Multipurpose ,.,.,.,.,1,2292,1,2292,
12320093,3,Gujarat,123,Banaskantha      ,2009,"Multipurpose,",.,.,.,.,1,2400,1,2400,
12320093,3,Gujarat,123,Banaskantha      ,2009,Potatoes,.,.,2,5814,29,164567,31,170381,
12320093,3,Gujarat,123,Banaskantha      ,2009,Potatoes ,.,.,.,.,5,21786,5,21786,
12320093,3,Gujarat,123,Banaskantha      ,2009,Vegetable & Fruit,.,.,.,.,1,783,1,783,
12420093,3,Gujarat,124,Bharuch,2009,Dairy Products,1,214,.,.,.,.,1,214,
12620093,3,Gujarat,126,Bhavnagar,2009,Dairy Products,.,.,1,120,.,.,1,120,
12620093,3,Gujarat,126,Bhavnagar,2009,Multipurpose,.,.,.,.,2,1755,2,1755,
12620093,3,Gujarat,126,Bhavnagar,2009,Multipurposeclosed /,.,.,.,.,1,834,1,834,
12620093,3,Gujarat,126,Bhavnagar,2009,Potatoes,.,.,.,.,1,2056,1,2056,
12920093,3,Gujarat,129,Jamnagar,2009,       Potatoes,.,.,.,.,1,2000,1,2000,
12920093,3,Gujarat,129,Jamnagar,2009,Dairy Products,.,.,1,15,.,.,1,15,
12920093,3,Gujarat,129,Jamnagar,2009,Multipurpose,.,.,.,.,8,16110,8,16110,
12920093,3,Gujarat,129,Jamnagar,2009,Multipurpose ,.,.,.,.,1,836,1,836,
12920093,3,Gujarat,129,Jamnagar,2009,Potatoes,.,.,.,.,2,2847,2,2847,
51820093,3,Gujarat,518,Gandhinagar,2009,Dairy Products,1,69,.,.,.,.,1,69,
51820093,3,Gujarat,518,Gandhinagar,2009,Multipurpose,.,.,.,.,1,4000,1,4000,
51820093,3,Gujarat,518,Gandhinagar,2009,Multipurpose ,1,2550,.,.,2,2557,3,5107,
51820093,3,Gujarat,518,Gandhinagar,2009,Potatoes,1,3200,.,.,19,105802,20,109002,
17720094,4,Haryana,177,Hissar,2009,Potato,.,.,2,2001,.,.,2,2001,
17820094,4,Haryana,178,Sirsa,2009,Potato,.,.,4,2370,.,.,4,2370,
18020094,4,Haryana,180,Gurgaon,2009,Milk & Milk Product,.,.,2,723,.,.,2,723,
18020094,4,Haryana,180,Gurgaon,2009,Multipurpose,.,.,1,634,.,.,1,634,
18120094,4,Haryana,181,Jind,2009,Potato,.,.,7,6585,.,.,7,6585,
18320094,4,Haryana,183,Ambala,2009,Multi,.,.,.,.,1,60,1,60,
18320094,4,Haryana,183,Ambala,2009,Potato,.,.,22,36634,.,.,22,36634,
18420094,4,Haryana,184,Karnal,2009,Potato,1,889,26,28718,1,2987,28,32594,
18520094,4,Haryana,185,Kurukshetra,2009,Potato,1,1176,51,79698,.,.,52,80874,
18620094,4,Haryana,186,Rohtak,2009,Milk & Milk Product,.,.,.,.,1,160,1,160,
18620094,4,Haryana,186,Rohtak,2009,Multi Purpose,.,.,1,3200,.,.,1,3200,
18620094,4,Haryana,186,Rohtak,2009,Potato,.,.,2,1997,.,.,2,1997,
18720094,4,Haryana,187,Sonepat,2009,Multi Purpose,.,.,44,115552,.,.,44,115552,
18720094,4,Haryana,187,Sonepat,2009,Multipurpose,.,.,5,19248,.,.,5,19248,
18820094,4,Haryana,188,Faridabad,2009,Milk & Milk Product,.,.,.,.,1,231,1,231,
18820094,4,Haryana,188,Faridabad,2009,Potato,.,.,2,2391,.,.,2,2391,
52320094,4,Haryana,523,Yamuna Nagar,2009,Multipurpose,.,.,1,789,.,.,1,789,
52320094,4,Haryana,523,Yamuna Nagar,2009,Potato,.,.,25,28249,.,.,25,28249,
52420094,4,Haryana,524,Kaithal,2009,Multipurpose,.,.,1,1800,.,.,1,1800,
52420094,4,Haryana,524,Kaithal,2009,Potato,.,.,6,5921,.,.,6,5921,
52520094,4,Haryana,525,Panipat,2009,Potato,1,1202,4,4012,.,.,5,5214,
100720094,4,Haryana,1007,Fatehabad,2009,Potato,.,.,6,10920,.,.,6,10920,
100720094,4,Haryana,1007,Tohana,2009,Milk & Milk Product,1,169,.,.,.,.,1,169,
100720094,4,Haryana,1007,Tohana,2009,Potato,1,1176,3,7143,.,.,4,8319,
100920094,4,Haryana,1009,Panchkulla,2009,Potato,.,.,3,1809,.,.,3,1809,
55020095,5,Karnataka,550,Bangalore (Urban),2009,Fish,.,.,1,30,.,.,1,30,
55020095,5,Karnataka,550,Bangalore (Urban),2009,Fruits,.,.,.,.,1,22,1,22,
55020095,5,Karnataka,550,Bangalore (Urban),2009,Ice-Cream,.,.,.,.,3,193,3,193,
55020095,5,Karnataka,550,Bangalore (Urban),2009,Meat,.,.,.,.,2,94,2,94,
55020095,5,Karnataka,550,Bangalore (Urban),2009,Milk Products,2,935,.,.,.,.,2,935,
55020095,5,Karnataka,550,Bangalore (Urban),2009,Multipurpose,1,825,1,726,18,31167,20,32718,
55020095,5,Karnataka,550,Bangalore (Urban),2009,"Potato, ",.,.,.,.,1,5000,1,5000,
6520095,5,Karnataka,65,Kolar,2009,Multipurpose,.,.,.,.,1,3030,1,3030,
6520095,5,Karnataka,65,Kolar,2009,Potato,.,.,2,1350,3,3680,5,5030,
6520095,5,Karnataka,65,Kolar,2009,"Potato, ",.,.,.,.,1,3000,1,3000,
6520095,5,Karnataka,65,Kolar,2009,"Potato,Tamarin",.,.,1,2500,1,1000,2,3500,
6620095,5,Karnataka,66,Tumkur,2009,Milk Products,1,74,.,.,.,.,1,74,
6620095,5,Karnataka,66,Tumkur,2009,Multipurpose,.,.,.,.,1,2500,1,2500,
6720095,5,Karnataka,67,Mysore,2009,Ice-Cream,.,.,.,.,1,13,1,13,
6720095,5,Karnataka,67,Mysore,2009,Milk Products,1,263,.,.,.,.,1,263,
6720095,5,Karnataka,67,Mysore,2009,Multipurpose,.,.,.,.,1,1000,1,1000,
6820095,5,Karnataka,68,Mandya,2009,Milk Products,1,343,.,.,.,.,1,343,
6920095,5,Karnataka,69,Hassan,2009,Milk Products,1,73,.,.,.,.,1,73,
6920095,5,Karnataka,69,Hassan,2009,Multipurpose,.,.,1,456,4,15640,5,16096,
6920095,5,Karnataka,69,Hassan,2009,"Potato, ",.,.,.,.,1,2500,1,2500,
7020095,5,Karnataka,70,Shimoga,2009,Milk Products,1,13,.,.,.,.,1,13,
7320095,5,Karnataka,73,Bellary,2009,"Chillies,Tamar",.,.,.,.,5,24918,5,24918,
7320095,5,Karnataka,73,Bellary,2009,Fish,.,.,1,35,.,.,1,35,
7320095,5,Karnataka,73,Bellary,2009,Multipurpose,.,.,.,.,10,45649,10,45649,
7420095,5,Karnataka,74,Hubli,2009,Ice-Cream,.,.,.,.,1,18,1,18,
7420095,5,Karnataka,74,Hubli,2009,Milk Products,1,708,.,.,.,.,1,708,
7420095,5,Karnataka,74,Hubli,2009,Multipurpose,.,.,.,.,5,12367,5,12367,
7520095,5,Karnataka,75,Belgaum,2009,Milk Products,1,43,.,.,.,.,1,43,
7520095,5,Karnataka,75,Belgaum,2009,Multipurpose,1,907,.,.,4,5208,5,6115,
7620095,5,Karnataka,76,Bijapur,2009,Fruits And Veg,.,.,.,.,1,1927,1,1927,
7620095,5,Karnataka,76,Bijapur,2009,Milk Products,.,.,.,.,1,349,1,349,
7620095,5,Karnataka,76,Bijapur,2009,Multipurpose,1,2061,.,.,5,7666,6,9727,
7820095,5,Karnataka,78,Raichur,2009,Multipurpose,.,.,.,.,1,5000,1,5000,
7920095,5,Karnataka,79,Gulbarga,2009,Milk Products,1,36,.,.,.,.,1,36,
7920095,5,Karnataka,79,Gulbarga,2009,Multipurpose,.,.,.,.,1,4680,1,4680,
7920095,5,Karnataka,79,Gulgarga,2009,Multipurpose,.,.,.,.,1,6850,1,6850,
8020095,5,Karnataka,80,D.K,2009,Fish,1,117,6,1343,14,1963,21,3423,
8020095,5,Karnataka,80,D.K,2009,Ice-Cream,.,.,.,.,2,28,2,28,
8020095,5,Karnataka,80,D.K,2009,Milk Products,3,239,.,.,.,.,3,239,
8020095,5,Karnataka,80,D.K,2009,Multipurpose,.,.,.,.,1,172,1,172,
8020095,5,Karnataka,80,Dk,2009,Multipurpose,.,.,.,.,1,2150,1,2150,
8120095,5,Karnataka,81,N.K,2009,Fish,.,.,2,639,4,811,6,1450,
8220095,5,Karnataka,82,Kodagu,2009,Fish,.,.,1,15,.,.,1,15,
8220095,5,Karnataka,82,Kodagu,2009,Milk Products,1,52,.,.,.,.,1,52,
101420095,5,Karnataka,1014,Haveri,2009,Multipurpose,.,.,.,.,8,50790,8,50790,
720096,6,Madhya Pradesh,7,Jabalpur,2009,Dairy Products ,1,190,.,.,1,31,2,221,
720096,6,Madhya Pradesh,7,Jabalpur,2009,Fruit & Vegetables,.,.,.,.,1,849,1,849,
720096,6,Madhya Pradesh,7,Jabalpur,2009,Multipurpose,.,.,.,.,3,4297,3,4297,
720096,6,Madhya Pradesh,7,Jabalpur,2009,Multipurpose ,.,.,.,.,1,4328,1,4328,
720096,6,Madhya Pradesh,7,Jabalpur,2009,Potatoes,.,.,.,.,3,3329,3,3329,
920096,6,Madhya Pradesh,9,Chhindwara,2009,Potatoes ,2,5913,1,1731,3,1876,6,9520,
1120096,6,Madhya Pradesh,11,Seoni,2009,Potatoes,.,.,.,.,1,1781,1,1781,
1320096,6,Madhya Pradesh,13,Sagar,2009,Multipurpose,.,.,.,.,1,1143,1,1143,
1320096,6,Madhya Pradesh,13,Sagar,2009,Potatoes,1,1930,.,.,2,1969,3,3899,
1520096,6,Madhya Pradesh,15,Tikamgarh,2009,Multipurpose,.,.,.,.,1,2181,1,2181,
1520096,6,Madhya Pradesh,15,Tikamgarh,2009,Multipurpose ,.,.,.,.,1,3082,1,3082,
1520096,6,Madhya Pradesh,15,Tikamgarh,2009,Potatoes,.,.,.,.,3,7887,3,7887,
1620096,6,Madhya Pradesh,16,Chattarpur,2009,Potatoes ,.,.,.,.,1,2346,1,2346,
1820096,6,Madhya Pradesh,18,Rewa,2009,Multipurpose,.,.,.,.,1,2200,1,2200,
1820096,6,Madhya Pradesh,18,Rewa,2009,Potatoes,.,.,.,.,1,972,1,972,
1920096,6,Madhya Pradesh,19,Sidhi,2009,Multipurpose,.,.,.,.,1,2128,1,2128,
2020096,6,Madhya Pradesh,20,Satna,2009,Multipurpose,.,.,.,.,2,5600,2,5600,
2020096,6,Madhya Pradesh,20,Satna,2009,Potatoes,.,.,.,.,3,5947,3,5947,
2120096,6,Madhya Pradesh,21,Shahdol,2009,Potatoes,.,.,.,.,1,400,1,400,
2120096,6,Madhya Pradesh,21,Shahdol,2009,Potatoes ,.,.,.,.,1,2210,1,2210,
2220096,6,Madhya Pradesh,22,Gwalior,2009,Multipurpose,.,.,.,.,4,10863,4,10863,
2220096,6,Madhya Pradesh,22,Gwalior,2009,Multipurpose ,.,.,.,.,9,42682,9,42682,
2220096,6,Madhya Pradesh,22,Gwalior,2009,Potatoes ,.,.,.,.,4,12609,4,12609,
2320096,6,Madhya Pradesh,23,Shivpuri,2009,Multipurpose,.,.,.,.,1,3000,1,3000,
2620096,6,Madhya Pradesh,26,Morena,2009,Dairy Products,1,572,.,.,.,.,1,572,
2620096,6,Madhya Pradesh,26,Morena,2009,Multipurpose,.,.,.,.,3,10000,3,10000,
2620096,6,Madhya Pradesh,26,Morena,2009,Potatoes,.,.,.,.,7,29075,7,29075,
2620096,6,Madhya Pradesh,26,Morena,2009,Potatoes ,.,.,.,.,1,4000,1,4000,
2720096,6,Madhya Pradesh,27,Bhind,2009,Dairy Products ,.,.,1,292,.,.,1,292,
2720096,6,Madhya Pradesh,27,Bhind,2009,Multipurpose,.,.,.,.,3,10838,3,10838,
2720096,6,Madhya Pradesh,27,Bhind,2009,Multipurpose ,.,.,.,.,2,7398,2,7398,
2720096,6,Madhya Pradesh,27,Bhind,2009,Potatoes ,.,.,.,.,5,18355,5,18355,
2820096,6,Madhya Pradesh,28,"Indore (Includes Dhar, Dewas)",2009,Dairy Products ,.,.,1,334,4,1588,5,1922,
2820096,6,Madhya Pradesh,28,"Indore (Includes Dhar, Dewas)",2009,Frozen Foods,.,.,.,.,1,444,1,444,
2820096,6,Madhya Pradesh,28,"Indore (Includes Dhar, Dewas)",2009,Multipurpose,1,16000,.,.,6,28700,7,44700,
2820096,6,Madhya Pradesh,28,"Indore (Includes Dhar, Dewas)",2009,Others,.,.,1,13,.,.,1,13,
2820096,6,Madhya Pradesh,28,"Indore (Includes Dhar, Dewas)",2009,Potatoes,11,63243,.,.,41,287455,52,350698,
2820096,6,Madhya Pradesh,28,"Indore (Includes Dhar, Dewas)",2009,Potatoes ,.,.,.,.,3,22500,3,22500,
3020096,6,Madhya Pradesh,30,Ujjain,2009,Dairy Products,.,.,1,64,.,.,1,64,
3020096,6,Madhya Pradesh,30,Ujjain,2009,Dairy Products ,.,.,.,.,1,54,1,54,
3020096,6,Madhya Pradesh,30,Ujjain,2009,Multipurpose,.,.,.,.,1,5031,1,5031,
3020096,6,Madhya Pradesh,30,Ujjain,2009,Potatoes,2,11000,.,.,5,26162,7,37162,
3020096,6,Madhya Pradesh,30,Ujjain,2009,Potatoes ,.,.,.,.,1,3000,1,3000,
3620096,6,Madhya Pradesh,36,Khandwa,2009,Frozen Fruit & Frozen Vegetables,.,.,.,.,1,198,1,198,
3620096,6,Madhya Pradesh,36,Khandwa,2009,Potatoes,.,.,.,.,1,819,1,819,
4220096,6,Madhya Pradesh,42,Shajapur,2009,Potatoes,.,.,.,.,3,28662,3,28662,
107620097,7,Maharashtra,1076,Mumbai ,2009,Dailry Products,.,.,.,.,1,14,1,14,
107620097,7,Maharashtra,1076,Mumbai ,2009,Dairy Products,2,2260,4,4239,7,507,13,7006,
107620097,7,Maharashtra,1076,Mumbai ,2009,Marine Products ,2,542,.,.,4,840,6,1382,
107620097,7,Maharashtra,1076,Mumbai ,2009,Meat,.,.,1,232,3,558,4,790,
107620097,7,Maharashtra,1076,Mumbai ,2009,Multipurpose,.,.,4,359,18,10112,22,10471,
107620097,7,Maharashtra,1076,Mumbai ,2009,Multipurpose ,.,.,.,.,1,700,1,700,
107620097,7,Maharashtra,1076,Mumbai ,2009,Other (Hotel),.,.,.,.,1,708,1,708,
107620097,7,Maharashtra,1076,Mumbai ,2009,Others,.,.,1,92,.,.,1,92,
107620097,7,Maharashtra,1076,Mumbai ,2009,Others (Hotel),.,.,1,338,21,1550,22,1888,
9720097,7,Maharashtra,97,Raigad ,2009,Dairy Products ,.,.,1,72,1,218,2,290,
9720097,7,Maharashtra,97,Raigad ,2009,"Frozen Veg., Meat & Seafoods",.,.,.,.,1,1815,1,1815,
9720097,7,Maharashtra,97,Raigad ,2009,Fruit & Vegetable ,.,.,.,.,1,600,1,600,
9720097,7,Maharashtra,97,Raigad ,2009,Marine Products,.,.,.,.,7,12426,7,12426,
9720097,7,Maharashtra,97,Raigad ,2009,Marine Products ,.,.,.,.,2,2236,2,2236,
9720097,7,Maharashtra,97,Raigad ,2009,Meat,.,.,.,.,1,997,1,997,
9720097,7,Maharashtra,97,Raigad ,2009,Meat ,.,.,.,.,2,981,2,981,
9820097,7,Maharashtra,98,Ratnagiri .,2009,Dairy Product ,.,.,1,10,.,.,1,10,
9820097,7,Maharashtra,98,Ratnagiri .,2009,Dairy Products,.,.,.,.,1,13,1,13,
9820097,7,Maharashtra,98,Ratnagiri .,2009,Dairy Products ,.,.,1,33,.,.,1,33,
9820097,7,Maharashtra,98,Ratnagiri .,2009,Marine Products,1,221,.,.,2,686,3,907,
9820097,7,Maharashtra,98,Ratnagiri .,2009,Marine Products ,.,.,.,.,2,356,2,356,
9920097,7,Maharashtra,99,Nasik ,2009,Dairy Products,.,.,1,92,1,88,2,180,
9920097,7,Maharashtra,99,Nasik ,2009,Dairy Products ,.,.,.,.,1,611,1,611,
9920097,7,Maharashtra,99,Nasik ,2009,Fruit & Vegetable ,.,.,.,.,1,600,1,600,
9920097,7,Maharashtra,99,Nasik ,2009,Fruits & Vegetables,.,.,.,.,2,1776,2,1776,
9920097,7,Maharashtra,99,Nasik ,2009,Grapes,5,817,.,.,12,965,17,1782,
9920097,7,Maharashtra,99,Nasik ,2009,Grapes ,3,482,.,.,31,4207,34,4689,
9920097,7,Maharashtra,99,Nasik ,2009,Grapes  & Fruits ,.,.,.,.,1,529,1,529,
9920097,7,Maharashtra,99,Nasik ,2009,"Grapes, Strawberry",.,.,.,.,1,1050,1,1050,
9920097,7,Maharashtra,99,Nasik ,2009,Multipurpose,1,941,.,.,2,821,3,1762,
9920097,7,Maharashtra,99,Nasik ,2009,Multi-Purpose,.,.,.,.,1,1100,1,1100,
9920097,7,Maharashtra,99,Nasik ,2009,(Blank),.,.,.,.,.,.,0,0,
10020097,7,Maharashtra,100,Dhulia ,2009,Dairy Products,.,.,1,396,.,.,1,396,
10020097,7,Maharashtra,100,Dhulia ,2009,Grapes,1,203,.,.,.,.,1,203,
10020097,7,Maharashtra,100,Dhulia ,2009,Multipurpose,.,.,.,.,4,16648,4,16648,
10020097,7,Maharashtra,100,Dhulia ,2009,Multipurpose ,.,.,.,.,1,5740,1,5740,
10120097,7,Maharashtra,101,Jalgaon ,2009,Dairy Product,1,76,.,.,.,.,1,76,
10120097,7,Maharashtra,101,Jalgaon ,2009,Dairy Products,.,.,.,.,3,114,3,114,
10120097,7,Maharashtra,101,Jalgaon ,2009,Fruits & Vegetables,.,.,.,.,1,1776,1,1776,
10120097,7,Maharashtra,101,Jalgaon ,2009,Multipurpose,.,.,.,.,1,1243,1,1243,
10120097,7,Maharashtra,101,Jalgaon ,2009,Multipurpose ,.,.,.,.,2,5655,2,5655,
10220097,7,Maharashtra,102,Ahmednagar,2009,Dairy Products,2,38,1,32,.,.,3,70,
10220097,7,Maharashtra,102,Ahmednagar,2009,Fruits & Vegetable,1,203,.,.,.,.,1,203,
10220097,7,Maharashtra,102,Ahmednagar,2009,Fruits & Vegetables,1,253,.,.,.,.,1,253,
10220097,7,Maharashtra,102,Ahmednagar,2009,Fruits & Vegetables ,1,187,.,.,.,.,1,187,
10220097,7,Maharashtra,102,Ahmednagar,2009,Meat,.,.,.,.,1,1241,1,1241,
10220097,7,Maharashtra,102,Ahmednagar,2009,Multipurpose,.,.,.,.,3,3621,3,3621,
10220097,7,Maharashtra,102,Ahmednagar,2009,Multipurpose ,.,.,.,.,2,7631,2,7631,
10320097,7,Maharashtra,103,Pune ,2009,Dairy Product ,1,350,1,305,1,214,3,869,
10320097,7,Maharashtra,103,Pune ,2009,Dairy Products,.,.,.,.,1,40,1,40,
10320097,7,Maharashtra,103,Pune ,2009,Dairy Products ,.,.,.,.,3,66,3,66,
10320097,7,Maharashtra,103,Pune ,2009,Grapes,3,373,.,.,1,192,4,565,
10320097,7,Maharashtra,103,Pune ,2009,Grapes ,2,287,.,.,.,.,2,287,
10320097,7,Maharashtra,103,Pune ,2009,Meat,.,.,1,426,1,1244,2,1670,
10320097,7,Maharashtra,103,Pune ,2009,Meat ,.,.,.,.,2,2164,2,2164,
10320097,7,Maharashtra,103,Pune ,2009,Multipurpose,.,.,.,.,3,7211,3,7211,
10320097,7,Maharashtra,103,Pune ,2009,Multipurpose ,.,.,1,2674,5,6125,6,8799,
10320097,7,Maharashtra,103,Pune ,2009,Other (Hotel),.,.,.,.,1,29,1,29,
10320097,7,Maharashtra,103,Pune ,2009,Others ,.,.,.,.,1,20,1,20,
10420097,7,Maharashtra,104,Satara ,2009,Multipurpose ,.,.,1,1418,3,3663,4,5081,
10520097,7,Maharashtra,105,Sangli,2009,Dairy Products,.,.,1,646,.,.,1,646,
10520097,7,Maharashtra,105,Sangli,2009,Dairy Products ,.,.,.,.,1,1042,1,1042,
10520097,7,Maharashtra,105,Sangli,2009,Grapes,15,1863,.,.,2,722,17,2585,
10520097,7,Maharashtra,105,Sangli,2009,Multipurpose,.,.,.,.,8,9283,8,9283,
10520097,7,Maharashtra,105,Sangli,2009,Multipurpose ,.,.,.,.,2,2570,2,2570,
10520097,7,Maharashtra,105,Sangli,2009,Raisins,.,.,.,.,1,1500,1,1500,
10520097,7,Maharashtra,105,Sangli,2009,Raisins ,.,.,.,.,7,11900,7,11900,
10620097,7,Maharashtra,106,Solapur ,2009,Dairy Products ,.,.,1,84,.,.,1,84,
10620097,7,Maharashtra,106,Solapur ,2009,Grapes,3,533,.,.,1,148,4,681,
10620097,7,Maharashtra,106,Solapur ,2009,Multipurpose,.,.,.,.,2,2582,2,2582,
10620097,7,Maharashtra,106,Solapur ,2009,Multipurpose ,.,.,.,.,4,4104,4,4104,
10720097,7,Maharashtra,107,Kolhapur,2009,Dairy Products,1,417,.,.,6,1635,7,2052,
10720097,7,Maharashtra,107,Kolhapur,2009,Multipurpose,.,.,.,.,1,2782,1,2782,
10820097,7,Maharashtra,108,Aurangabad,2009,(Others),.,.,.,.,1,13,1,13,
10820097,7,Maharashtra,108,Aurangabad,2009,Dairy Products,.,.,1,79,1,40,2,119,
10820097,7,Maharashtra,108,Aurangabad,2009,Meat,.,.,.,.,1,3503,1,3503,
10820097,7,Maharashtra,108,Aurangabad,2009,Multipurpose,.,.,.,.,3,7596,3,7596,
10820097,7,Maharashtra,108,Aurangabad,2009,Multipurpose ,.,.,.,.,1,3000,1,3000,
10820097,7,Maharashtra,108,Aurangabad,2009,Others (Hotel),.,.,.,.,1,15,1,15,
11020097,7,Maharashtra,110,Beed,2009,Dairy Products,.,.,1,30,.,.,1,30,
11120097,7,Maharashtra,111,Nanded ,2009,Dairy Products,.,.,1,77,.,.,1,77,
11120097,7,Maharashtra,111,Nanded ,2009,Multipurpose,.,.,1,1087,.,.,1,1087,
11220097,7,Maharashtra,112,Osmanabad .,2009,Milk & Milk Products ,.,.,.,.,1,305,1,305,
11420097,7,Maharashtra,114,Akola,2009,Dairy Products,.,.,1,69,.,.,1,69,
11420097,7,Maharashtra,114,Akola,2009,Fruits & Vegetables,.,.,.,.,1,197,1,197,
11420097,7,Maharashtra,114,Akola,2009,Potatoes,.,.,.,.,1,592,1,592,
11520097,7,Maharashtra,115,Amravati ,2009,Multipurpose,.,.,.,.,1,298,1,298,
11520097,7,Maharashtra,115,Amravati ,2009,Multipurpose ,.,.,.,.,.,.,0,0,
11520097,7,Maharashtra,115,Amravati ,2009,Potatoes,.,.,.,.,1,391,1,391,
11820097,7,Maharashtra,118,Nagpur ,2009,Dairy Products,.,.,1,480,3,753,4,1233,
11820097,7,Maharashtra,118,Nagpur ,2009,Multipurpose,.,.,.,.,8,44844,8,44844,
11920097,7,Maharashtra,119,Bhandara,2009,Multipurpose,.,.,.,.,1,877,1,877,
11920097,7,Maharashtra,119,Bhandara,2009,Potatoes,.,.,.,.,2,1458,2,1458,
51420097,7,Maharashtra,514,Jalna ,2009,Multipurpose,.,.,.,.,1,2565,1,2565,
51520097,7,Maharashtra,515,Latur,2009,Grapes,1,203,.,.,.,.,1,203,
51720097,7,Maharashtra,517,Sindhdurg,2009,Dairy Products ,.,.,1,59,.,.,1,59,
107220097,7,Maharashtra,1072,Gondia,2009,Multipurpose ,.,.,.,.,1,4000,1,4000,
70120098,8,Orissa,701, Balasore,2009,Marine Pdts,.,.,.,.,2,360,2,360,
70120098,8,Orissa,701, Balasore,2009,Multipurpose,.,.,.,.,3,3800,3,3800,
70120098,8,Orissa,701, Balasore,2009,Potato,.,.,.,.,2,14000,2,14000,
70220098,8,Orissa,702,Bolangir,2009,Multipurpose,1,1200,.,.,2,10000,3,11200,
70320098,8,Orissa,703,Cuttack,2009,Marine Pdts,.,.,.,.,2,600,2,600,
70320098,8,Orissa,703,Cuttack,2009,Multipurpose,.,.,.,.,2,5500,2,5500,
70320098,8,Orissa,703,Cuttack,2009,Multipurpose ,1,5000,.,.,.,.,1,5000,
70320098,8,Orissa,703,Cuttack,2009,Potato,4,11000,.,.,3,17500,7,28500,
70420098,8,Orissa,704,Dhenkenel,2009,Potato,1,2000,.,.,1,900,2,2900,
70520098,8,Orissa,705,Ganjam,2009,Multipurpose,1,2000,.,.,.,.,1,2000,
70520098,8,Orissa,705,Ganjam,2009,Potato,1,600,.,.,1,5000,2,5600,
70720098,8,Orissa,707,Keonjhar,2009,Potato,.,.,.,.,3,15000,3,15000,
70820098,8,Orissa,708,Koraput,2009,Multipurpose,2,2400,.,.,1,6000,3,8400,
70820098,8,Orissa,708,Koraput,2009,Potato,.,.,.,.,2,1720,2,1720,
70920098,8,Orissa,709,Mayurbhanj,2009,Multipurpose,.,.,.,.,2,9000,2,9000,
70920098,8,Orissa,709,Mayurbhanj,2009,Potato,.,.,.,.,8,38350,8,38350,
71020098,8,Orissa,710,Phulbani,2009,Potato,1,1200,.,.,1,600,2,1800,
71120098,8,Orissa,711,Puri,2009,Marine Pdts,1,40,.,.,7,640,8,680,
71120098,8,Orissa,711,Puri,2009,Multipurpose,1,2500,.,.,1,2500,2,5000,
71120098,8,Orissa,711,Puri,2009,Potato,.,.,.,.,1,6000,1,6000,
71220098,8,Orissa,712,Sambalpur,2009,Multipurpose,1,600,.,.,3,3900,4,4500,
71320098,8,Orissa,713,Sundergarh,2009,Multipurpose,1,1200,.,.,2,2160,3,3360,
71420098,8,Orissa,714,Bhadrak,2009,Potato,.,.,.,.,1,2700,1,2700,
71620098,8,Orissa,716,Jagatsinghpur,2009,Marine Pdts,.,.,.,.,3,700,3,700,
71620098,8,Orissa,716,Jagatsinghpur,2009,Multipurpose,.,.,.,.,1,5000,1,5000,
71620098,8,Orissa,716,Jagatsinghpur,2009,Potato,.,.,.,.,1,560,1,560,
71720098,8,Orissa,717,Jajpur,2009,Potato,.,.,.,.,1,2600,1,2600,
72020098,8,Orissa,720,Gajapati,2009,Multipurpose,2,1200,.,.,.,.,2,1200,
72420098,8,Orissa,724,Raigoda,2009,Multipurpose,2,5500,.,.,.,.,2,5500,
72420098,8,Orissa,724,Raigoda,2009,Potato,.,.,.,.,1,600,1,600,
72520098,8,Orissa,725,Khurda,2009,Marine Pdts,.,.,.,.,10,2195,10,2195,
72520098,8,Orissa,725,Khurda,2009,Multipurpose,3,14000,.,.,7,52000,10,66000,
72520098,8,Orissa,725,Khurda,2009,Potato,.,.,.,.,1,250,1,250,
72820098,8,Orissa,728,Boudh,2009,Potato,.,.,.,.,1,700,1,700,
72920098,8,Orissa,729,Bargarh,2009,Multipurpose,.,.,.,.,3,10600,3,10600,
73120098,8,Orissa,731,Jharsuguda  ,2009,Potato,1,600,.,.,1,1700,2,2300,
16520099,9,Punjab,165,Gurdaspur   ,2009,Potato,1,1500,.,.,.,.,1,1500,
16620099,9,Punjab,166,Amritsar  ,2009,Multipurpose,.,.,.,.,1,3840,1,3840,
16620099,9,Punjab,166,Amritsar  ,2009,Multipurpse,.,.,.,.,1,2280,1,2280,
16620099,9,Punjab,166,Amritsar  ,2009,Potato,1,2000,.,.,.,.,1,2000,
16720099,9,Punjab,167,Kapurthala    ,2009,Multipurpose,.,.,.,.,1,3500,1,3500,
16720099,9,Punjab,167,Kapurthala    ,2009,Potato,1,2000,.,.,47,143940,48,145940,
16820099,9,Punjab,168,Jallandhar,2009,Milk Product ,.,.,.,.,1,350,1,350,
16820099,9,Punjab,168,Jallandhar,2009,Multipurpose,.,.,.,.,4,15818,4,15818,
16820099,9,Punjab,168,Jallandhar,2009,Potato,6,13062,.,.,106,250210,112,263272,
16920099,9,Punjab,169,Hoshiyarpur,2009,Potato,2,2330,.,.,40,83292,42,85622,
17020099,9,Punjab,170,Roop Nagar,2009,Multipurpose,.,.,.,.,1,4000,1,4000,
17020099,9,Punjab,170,Ropar,2009,Multipurpose,.,.,.,.,1,1490,1,1490,
17020099,9,Punjab,170,Ropar,2009,Potato,1,2000,.,.,.,.,1,2000,
17120099,9,Punjab,171,Khanna,2009,Potato,.,.,.,.,13,58020,13,58020,
17120099,9,Punjab,171,Ludhiana  ,2009,Milk & Milk Products,.,.,.,.,1,10240,1,10240,
17120099,9,Punjab,171,Ludhiana  ,2009,Multipurpose,1,1600,.,.,4,18356,5,19956,
17120099,9,Punjab,171,Ludhiana  ,2009,Potato,3,10500,.,.,34,175344,37,185844,
17220099,9,Punjab,172,Ferozpur,2009,Potato,1,600,.,.,15,30230,16,30830,
17320099,9,Punjab,173,Faridkot,2009,Multipurpose,.,.,.,.,1,2400,1,2400,
17320099,9,Punjab,173,Faridkot,2009,Potato,.,.,.,.,7,12160,7,12160,
17420099,9,Punjab,174,Bhatinda,2009,Multipurpose,.,.,.,.,6,24832,6,24832,
17420099,9,Punjab,174,Bhatinda,2009,Potato,.,.,.,.,23,73240,23,73240,
17520099,9,Punjab,175,Sangrur ,2009,Multipurpose,.,.,.,.,2,6800,2,6800,
17520099,9,Punjab,175,Sangrur ,2009,Potato,.,.,.,.,12,135000,12,135000,
17620099,9,Punjab,176,Patiala,2009,Multipurpose,.,.,.,.,7,22148,7,22148,
17620099,9,Punjab,176,Patiala,2009,Potato,1,5000,.,.,.,.,1,5000,
17620099,9,Punjab,176,Rajpura,2009,Multipurpose,.,.,.,.,1,3383,1,3383,
54520099,9,Punjab,545,Mansa,2009,Multipurpose,.,.,.,.,1,2400,1,2400,
54620099,9,Punjab,546,Fatehgarhsahab,2009,Multipurpose,.,.,.,.,1,2800,1,2800,
101820099,9,Punjab,1018,Muktsar,2009,Potato,.,.,.,.,5,13300,5,13300,
101920099,9,Punjab,1019,Moga,2009,Multipurpose,.,.,.,.,3,7840,3,7840,
101920099,9,Punjab,1019,Moga,2009,Potato,.,.,.,.,20,73760,20,73760,
139200910,10,Rajasthan,139,Ajmer,2009,Milk & Milk Products,1,334,.,.,.,.,1,334,
139200910,10,Rajasthan,139,Ajmer,2009,"Potato Flower Egg, Jaggery Multipurpose",.,.,.,.,1,3000,1,3000,
140200910,10,Rajasthan,140,Alwar,2009,Milk & Milk Products,1,314,.,.,.,.,1,314,
140200910,10,Rajasthan,140,Alwar,2009,Multipurpose,.,.,.,.,2,4334,2,4334,
142200910,10,Rajasthan,142,Barmer,2009,Multipurpose,.,.,.,.,1,2025,1,2025,
143200910,10,Rajasthan,143,Bharatpur,2009,Potato,.,.,.,.,12,45827,12,45827,
143200910,10,Rajasthan,143,Bharatpur,2009,Potatoes,.,.,.,.,1,2708,1,2708,
143200910,10,Rajasthan,143,Bharatpur,2009,(Blank),.,.,.,.,.,.,0,0,
145200910,10,Rajasthan,145,Bikaner,2009,Milk & Milk Products,2,635,.,.,.,.,2,635,
145200910,10,Rajasthan,145,Bikaner,2009,Multipurpose,.,.,.,.,6,10768,6,10768,
146200910,10,Rajasthan,146,Bundi,2009,Potatoes,.,.,.,.,1,3423,1,3423,
150200910,10,Rajasthan,150,Sriganganagar,2009,Multipurpose,.,.,.,.,4,4814,4,4814,
150200910,10,Rajasthan,150,Sriganganagar,2009,Potatoes,.,.,.,.,1,1077,1,1077,
151200910,10,Rajasthan,151,Jaipur,2009,Milk & Milk Products,1,266,.,.,.,.,1,266,
151200910,10,Rajasthan,151,Jaipur,2009,Multipurose,.,.,.,.,1,3232,1,3232,
151200910,10,Rajasthan,151,Jaipur,2009,Multipurpose,.,.,.,.,25,116329,25,116329,
151200910,10,Rajasthan,151,Jaipur,2009,Others (Hotel),.,.,.,.,4,104,4,104,
151200910,10,Rajasthan,151,Jaipur,2009,Potato,.,.,.,.,1,4000,1,4000,
151200910,10,Rajasthan,151,Jaipur,2009,Potatoes,1,1861,.,.,.,.,1,1861,
154200910,10,Rajasthan,154,Jhalawar,2009,Milk & Milk Products,1,204,.,.,.,.,1,204,
154200910,10,Rajasthan,154,Jhalawar,2009,Multipurpose,.,.,.,.,12,23640,12,23640,
157200910,10,Rajasthan,157,Kota,2009,Milk & Milk Products,1,114,.,.,.,.,1,114,
157200910,10,Rajasthan,157,Kota,2009,Multipurpose,.,.,.,.,4,13000,4,13000,
157200910,10,Rajasthan,157,Kota,2009,(Blank),.,.,.,.,.,.,0,0,
159200910,10,Rajasthan,159,Pali,2009,Multipurpose,.,.,.,.,2,6000,2,6000,
164200910,10,Rajasthan,164,Udaipur,2009,Milk & Milk Products,1,104,1,14,.,.,2,118,
164200910,10,Rajasthan,164,Udaipur,2009,Multipurpose,.,.,.,.,2,8352,2,8352,
519200910,10,Rajasthan,519,Dholpur,2009,Multipurpose,.,.,.,.,1,4505,1,4505,
83200911,11,Tamil Nadu,83,Kancheepuram,2009,Fruits And Vegetables,.,.,.,.,1,2500,1,2500,
83200911,11,Tamil Nadu,83,Kancheepuram,2009,Marine Products,.,.,1,100,20,4970,21,5070,
83200911,11,Tamil Nadu,83,Kancheepuram,2009,Multipurpose,.,.,.,.,2,6225,2,6225,
84200911,11,Tamil Nadu,84,Cuddalore,2009,Marine Products,.,.,.,.,2,125,2,125,
85200911,11,Tamil Nadu,85,Vellore,2009,Multipurpose,.,.,.,.,1,1000,1,1000,
86200911,11,Tamil Nadu,86,Salem,2009,Ice Creams,.,.,.,.,1,100,1,100,
86200911,11,Tamil Nadu,86,Salem,2009,Milk Products,1,543,.,.,.,.,1,543,
86200911,11,Tamil Nadu,86,Salem,2009,Multipurpose,.,.,.,.,5,14300,5,14300,
87200911,11,Tamil Nadu,87,Coimbatore,2009,Ice Creams,.,.,.,.,2,80,2,80,
87200911,11,Tamil Nadu,87,Coimbatore,2009,Milk Products,1,280,.,.,.,.,1,280,
87200911,11,Tamil Nadu,87,Coimbatore,2009,Multipurpose,.,.,.,.,12,41150,12,41150,
88200911,11,Tamil Nadu,88,Trichy,2009,Multipurpose,.,.,.,.,2,9400,2,9400,
90200911,11,Tamil Nadu,90,Madurai,2009,Milk Products,1,735,.,.,.,.,1,735,
90200911,11,Tamil Nadu,90,Madurai,2009,Multipurpose,.,.,.,.,10,25233,10,25233,
91200911,11,Tamil Nadu,91,Ramnathapuram,2009,Marine Products,.,.,.,.,4,1000,4,1000,
91200911,11,Tamil Nadu,91,Ramnathapuram,2009,Milk Products,1,40,.,.,.,.,1,40,
92200911,11,Tamil Nadu,92,Tirunelveli,2009,Milk Products,1,130,.,.,.,.,1,130,
93200911,11,Tamil Nadu,93,Nilgiris,2009,Milk Products,1,470,.,.,.,.,1,470,
94200911,11,Tamil Nadu,94,Kanyakumari,2009,Marine Products,.,.,.,.,2,125,2,125,
506200911,11,Tamil Nadu,506,Dharmapuri,2009,Milk Products,1,490,.,.,.,.,1,490,
506200911,11,Tamil Nadu,506,Dharmapuri,2009,Multipurpose,.,.,.,.,7,19850,7,19850,
507200911,11,Tamil Nadu,507,Erode,2009,Milk Products,1,602,.,.,1,50,2,652,
507200911,11,Tamil Nadu,507,Erode,2009,Multipurpose,.,.,.,.,1,5200,1,5200,
508200911,11,Tamil Nadu,508,Puthukottai,2009,Multipurpose,.,.,.,.,1,2500,1,2500,
509200911,11,Tamil Nadu,509,Dindigul,2009,Milk Products,1,38,.,.,.,.,1,38,
509200911,11,Tamil Nadu,509,Dindigul,2009,Multipurpose,.,.,.,.,3,7200,3,7200,
510200911,11,Tamil Nadu,510,Virudhnagar,2009,Multipurpose,.,.,.,.,1,2320,1,2320,
513200911,11,Tamil Nadu,513,Tuticorin,2009,Fruits & Vegetable,.,.,.,.,1,5150,1,5150,
513200911,11,Tamil Nadu,513,Tuticorin,2009,Marine Products,.,.,.,.,12,2625,12,2625,
513200911,11,Tamil Nadu,513,Tuticorin,2009,Multipurpose,.,.,.,.,1,10000,1,10000,
999200911,11,Tamil Nadu,999,Chennai,2009,Dry Fruits,.,.,.,.,1,25,1,25,
999200911,11,Tamil Nadu,999,Chennai,2009,"Fish, Meat",.,.,.,.,1,25,1,25,
999200911,11,Tamil Nadu,999,Chennai,2009,"Fish,Meat",.,.,.,.,1,40,1,40,
999200911,11,Tamil Nadu,999,Chennai,2009,Ice Creams,.,.,.,.,1,50,1,50,
999200911,11,Tamil Nadu,999,Chennai,2009,Marine Products,.,.,1,50,5,1000,6,1050,
999200911,11,Tamil Nadu,999,Chennai,2009,Multipurpose,1,3000,2,4012,2,2102,5,9114,
1024200911,11,Tamil Nadu,1024,Perumballur,2009,Multipurpose,.,.,.,.,1,3500,1,3500,
1025200911,11,Tamil Nadu,1025,Theni,2009,Multipurpose,.,.,.,.,2,7000,2,7000,
1027200911,11,Tamil Nadu,1027,Thiruvallur,2009,Ice Creams,.,.,.,.,2,245,2,245,
1027200911,11,Tamil Nadu,1027,Thiruvallur,2009,Marine Products,.,.,.,.,2,255,2,255,
1027200911,11,Tamil Nadu,1027,Thiruvallur,2009,Milk Products,3,1134,.,.,.,.,3,1134,
1027200911,11,Tamil Nadu,1027,Thiruvallur,2009,Multipurpose,.,.,.,.,8,34760,8,34760,
1027200911,11,Tamil Nadu,1027,Thiruvallur,2009,Mutipurpose,.,.,.,.,1,5500,1,5500,
801200913,13,West Bengal,801,24 - Parganas (South),2009,Marine Pdts,.,.,.,.,1,300,1,300,
801200913,13,West Bengal,801,25 - Parganas (South),2009,Multipurpose,.,.,.,.,1,30,1,30,
801200913,13,West Bengal,801,26 - Parganas (South),2009,Multipurpose,.,.,.,.,1,75,1,75,
801200913,13,West Bengal,801,27 - Parganas (South),2009,Multipurpose,.,.,.,.,1,4851,1,4851,
802200913,13,West Bengal,802,24 - Parganas (North),2009,Marine Pdts,.,.,.,.,1,150,1,150,
802200913,13,West Bengal,802,25 - Parganas (North),2009,Multipurpose,1,4000,.,.,.,.,1,4000,
802200913,13,West Bengal,802,26 - Parganas (North),2009,Multipurpose,1,4986,.,.,.,.,1,4986,
802200913,13,West Bengal,802,27 - Parganas (North),2009,Marine Pdts,.,.,.,.,1,90,1,90,
802200913,13,West Bengal,802,28 - Parganas (North),2009,Marine Pdts,.,.,.,.,1,150,1,150,
802200913,13,West Bengal,802,29 - Parganas (North),2009,Multipurpose,.,.,.,.,1,57,1,57,
802200913,13,West Bengal,802,30 - Parganas (North),2009,Multipurpose,1,10245,.,.,.,.,1,10245,
803200913,13,West Bengal,803,Nadia,2009,Potato,1,4000,.,.,.,.,1,4000,
804200913,13,West Bengal,804,Murshidabad,2009,Multipurpose,1,75,.,.,1,4000,2,4075,
804200913,13,West Bengal,804,Murshidabad,2009,Potato,3,18000,.,.,5,24008,8,42008,
805200913,13,West Bengal,805,Burdwan,2009,Multipurpose,1,75,.,.,5,12897,6,12972,
805200913,13,West Bengal,805,Burdwan,2009,Potato,14,107471,.,.,65,803681,79,911152,
806200913,13,West Bengal,806,Birbhum,2009,Potato,2,11000,.,.,10,82245,12,93245,
807200913,13,West Bengal,807,Bankura,2009,Potato,4,28024,.,.,25,359039,29,387063,
810200913,13,West Bengal,810,Hoogly,2009,Multi Purpose,.,.,.,.,1,4699,1,4699,
810200913,13,West Bengal,810,Hoogly,2009,Multipurpose,.,.,.,.,1,4000,1,4000,
810200913,13,West Bengal,810,Hoogly,2009,Potato,12,83996,.,.,112,1393029,124,1477025,
811200913,13,West Bengal,811,Howrah,2009,Multipurpose,.,.,.,.,2,7010,2,7010,
811200913,13,West Bengal,811,Howrah,2009,Potato,.,.,.,.,4,45720,4,45720,
812200913,13,West Bengal,812,Jalpaiguri,2009,Multipurpose,.,.,.,.,3,30744,3,30744,
812200913,13,West Bengal,812,Jalpaiguri,2009,Potato,2,15000,.,.,3,50500,5,65500,
813200913,13,West Bengal,813,Darjeeling,2009,Potato,.,.,.,.,1,530,1,530,
814200913,13,West Bengal,814,Maldah,2009,Multipurpose,1,75,.,.,1,3500,2,3575,
814200913,13,West Bengal,814,Maldah,2009,Potato,1,10000,.,.,.,.,1,10000,
816200913,13,West Bengal,816,Coochbehar,2009,Potato,2,15000,.,.,3,34889,5,49889,
819200913,13,West Bengal,819,Dinajpur (North),2009,Potato,.,.,.,.,1,14000,1,14000,
820200913,13,West Bengal,820,Dinajpur (South),2009,Potato,1,10000,.,.,.,.,1,10000,
821200913,13,West Bengal,821,Kolkata,2009,Marine Pdts,.,.,.,.,19,2545,19,2545,
821200913,13,West Bengal,821,Kolkata,2009,Multipurpose,.,.,.,.,18,12568,18,12568,
823200913,13,West Bengal,823,Midnapore (East),2009,Potato,.,.,.,.,1,9900,1,9900,
824200913,13,West Bengal,824,Midnapore (West),2009,Multipurpose,.,.,.,.,2,12650,2,12650,
824200913,13,West Bengal,824,Midnapore (West),2009,Potato,2,14000,.,.,46,828574,48,842574,
1200914,14,Chhattisgarh,1,Durg,2009,Dairy Products,.,.,1,41,.,.,1,41,
1200914,14,Chhattisgarh,1,Durg,2009,Multipurpose,.,.,.,.,2,5271,2,5271,
1200914,14,Chhattisgarh,1,Durg,2009,Multipurpose ,.,.,.,.,1,206,1,206,
1200914,14,Chhattisgarh,1,Durg,2009,Potatoes ,.,.,.,.,1,2575,1,2575,
2200914,14,Chhattisgarh,2,Bastar,2009,Multipurpose,.,.,.,.,8,70492,8,70492,
2200914,14,Chhattisgarh,2,Bastar,2009,Multipurpose ,.,.,.,.,5,36795,5,36795,
3200914,14,Chhattisgarh,3,Raipur,2009,Dairy Products ,.,.,.,.,1,30,1,30,
3200914,14,Chhattisgarh,3,Raipur,2009,Multipurpose,.,.,.,.,13,88305,13,88305,
3200914,14,Chhattisgarh,3,Raipur,2009,Potatoes,.,.,.,.,5,20610,5,20610,
3200914,14,Chhattisgarh,3,Raipur,2009,Potatoes ,.,.,.,.,1,5000,1,5000,
4200914,14,Chhattisgarh,4,Bilaspur,2009,Dairy Products,1,29,.,.,.,.,1,29,
4200914,14,Chhattisgarh,4,Bilaspur,2009,Multipurpose,.,.,.,.,4,7921,4,7921,
4200914,14,Chhattisgarh,4,Bilaspur,2009,Multipurpose ,.,.,.,.,3,4490,3,4490,
4200914,14,Chhattisgarh,4,Bilaspur,2009,Potatoes ,.,.,.,.,1,804,1,804,
6200914,14,Chhattisgarh,6,Surguja,2009,Multipurpose,.,.,.,.,1,1546,1,1546,
6200914,14,Chhattisgarh,6,Surguja,2009,Potatoes,.,.,.,.,1,2753,1,2753,
501200914,14,Chhattisgarh,501,Rajnandgaon,2009,Multipurpose,.,.,.,.,1,969,1,969,
910200915,15,Jharkhand,910,Dumka,2009,Potato,1,4000,.,.,.,.,1,4000,
913200915,15,Jharkhand,913,Hazaribagh,2009,Multipurpose,1,3165,.,.,4,14482,5,17647,
913200915,15,Jharkhand,913,Hazaribagh,2009,Potato,1,2000,.,.,2,5500,3,7500,
914200915,15,Jharkhand,914,Dhanbad,2009,Multipurpose,.,.,.,.,1,3150,1,3150,
916200915,15,Jharkhand,916,Ranchi,2009,Multipurpose,2,6250,.,.,8,22078,10,28328,
941200915,15,Jharkhand,941,Lohardaga,2009,Multipurpose,1,4000,.,.,.,.,1,4000,
943200915,15,Jharkhand,943,East Singbhum,2009,Multipurpose,1,4000,.,.,1,1000,2,5000,
953200915,15,Jharkhand,953,Bokaro,2009,Potato,1,4000,.,.,1,7000,2,11000,
605200917,17,Assam,605,Kamrup,2009,Multipurpose,.,.,3,1100,9,20856,12,21956,
608200917,17,Assam,608,North Cachar Hil,2009,Multipurpose,.,.,.,.,2,10000,2,10000,
609200917,17,Assam,609,Nogaon,2009,Multipurpose,1,3000,.,.,2,8500,3,11500,
615200917,17,Assam,615,Barpeta,2009,Multipurpose,1,3000,.,.,.,.,1,3000,
616200917,17,Assam,616,Dhubri,2009,Multipurpose,.,.,2,120,1,2000,3,2120,
617200917,17,Assam,617,Golaghat,2009,Multipurpose,.,.,.,.,1,3600,1,3600,
619200917,17,Assam,619,Karimganj,2009,Multipurpose,1,2400,.,.,1,5000,2,7400,
621200917,17,Assam,621,Nalbari,2009,Multipurpose,1,4000,.,.,.,.,1,4000,
622200917,17,Assam,622,Sonitpur,2009,Multipurpose,.,.,.,.,1,4000,1,4000,
1049200917,17,Assam,1049,Halaikundi,2009,Multipurpose,.,.,.,.,2,10000,2,10000,
1051200917,17,Assam,1051,Tinsukia,2009,Multipurpose,.,.,.,.,2,9200,2,9200,
631200918,18,Himachal Pradesh,631,Kulu,2009,Fruit & Vegetables,.,.,1,1259,.,.,1,1259,
631200918,18,Himachal Pradesh,631,Kulu,2009,Multipurpose,.,.,.,.,1,272,1,272,
633200918,18,Himachal Pradesh,633,Solan,2009,Fruit& Vegetables,.,.,1,748,.,.,1,748,
633200918,18,Himachal Pradesh,633,Solan,2009,Multipurpose,1,689,.,.,1,1263,2,1952,
634200918,18,Himachal Pradesh,634, Mandi ,2009,Milk & Milk Products,.,.,1,95,.,.,1,95,
635200918,18,Himachal Pradesh,635,Shimla,2009,Fruit & Vegetables,.,.,3,2793,.,.,3,2793,
635200918,18,Himachal Pradesh,635,Shimla,2009,Fruit & Vegetables Apples,.,.,1,1300,.,.,1,1300,
635200918,18,Himachal Pradesh,635,Shimla,2009,"Multipurpose Potatoes, Fruits",.,.,.,.,1,330,1,330,
637200918,18,Himachal Pradesh,637,Una,2009,Fish,1,78,.,.,.,.,1,78,
637200918,18,Himachal Pradesh,637,Una,2009,Potato,.,.,.,.,1,2500,1,2500,
637200918,18,Himachal Pradesh,637,Una,2009,Potatoes,.,.,.,.,4,5048,4,5048,
651200919,19,Kerala,651,Alleppey,2009,Marine Product,.,.,.,.,7,4265,7,4265,
651200919,19,Kerala,651,Alleppy,2009,Marine Product,.,.,.,.,37,9314,37,9314,
651200919,19,Kerala,651,Alleppy,2009,Milk Products,1,50,.,.,.,.,1,50,
652200919,19,Kerala,652,Kannur,2009,Milk Products,1,30,.,.,.,.,1,30,
653200919,19,Kerala,653,Ernakulam,2009,Ice-Cream,.,.,.,.,1,10,1,10,
653200919,19,Kerala,653,Ernakulam,2009,Marine Product,.,.,2,1025,84,17230,86,18255,
653200919,19,Kerala,653,Ernakulam,2009,Meat,.,.,1,125,.,.,1,125,
653200919,19,Kerala,653,Ernakulam,2009,Meat Products,.,.,.,.,1,100,1,100,
653200919,19,Kerala,653,Ernakulam,2009,"Meat,Fish",.,.,.,.,1,70,1,70,
653200919,19,Kerala,653,Ernakulam,2009,Milk Products,2,850,.,.,.,.,2,850,
653200919,19,Kerala,653,Ernakulam,2009,Multipurpose,.,.,.,.,2,4850,2,4850,
654200919,19,Kerala,654,Idukki,2009,Multipurpose,.,.,1,50,.,.,1,50,
655200919,19,Kerala,655,Kottayam,2009,Marine Product,.,.,1,20,.,.,1,20,
656200919,19,Kerala,656,Calicut,2009,Marine Product,.,.,.,.,3,1069,3,1069,
658200919,19,Kerala,658,Palakkad,2009,Milk Products,1,50,.,.,.,.,1,50,
658200919,19,Kerala,658,Palakkad,2009,Multipurpose,.,.,.,.,1,3000,1,3000,
658200919,19,Kerala,658,Palghat,2009,Multipurpose,.,.,1,50,.,.,1,50,
659200919,19,Kerala,659,Kollam,2009,Marine Product,.,.,.,.,20,4050,20,4050,
660200919,19,Kerala,660,Trichur,2009,Marine Product,.,.,2,95,1,150,3,245,
660200919,19,Kerala,660,Trichur,2009,Milk Products,1,100,.,.,.,.,1,100,
661200919,19,Kerala,661,Trivandrum,2009,Marine Product,.,.,1,75,3,520,4,595,
661200919,19,Kerala,661,Trivandrum,2009,Multipurpose,.,.,1,150,.,.,1,150,
,,,,,,,,,,,,,,,
